TimeStamp,AircraftCode,TestNumber,ParameterCode,minValue,maxValue,currentValue,Result
1654827842313,PRZFV,11,123455,10,20,13.461107353360719,SUCESSO!
1654827842421,PRZFV,11,123455,10,20,16.343359755824054,SUCESSO!
1654827842522,PRZFV,11,123455,10,20,13.266455917872712,SUCESSO!
1654827842622,PRZFV,11,123455,10,20,11.80990331429528,SUCESSO!
1654827842723,PRZFV,11,123455,10,20,20.008107936834104,ERRO
1654827842823,PRZFV,11,123455,10,20,18.391333330401988,SUCESSO!
1654827842924,PRZFV,11,123455,10,20,15.49099646163818,SUCESSO!
1654827843024,PRZFV,11,123455,10,20,15.711435943036133,SUCESSO!
1654827843124,PRZFV,11,123455,10,20,18.850588464294304,SUCESSO!
1654827843225,PRZFV,11,123455,10,20,17.0020429029612,SUCESSO!
1654827843325,PRZFV,11,123455,10,20,19.286715310054277,SUCESSO!
1654827843426,PRZFV,11,123455,10,20,17.81968204560589,SUCESSO!
1654827843526,PRZFV,11,123455,10,20,10.094291743341373,SUCESSO!
1654827843627,PRZFV,11,123455,10,20,17.477302514952854,SUCESSO!
1654827843727,PRZFV,11,123455,10,20,18.691627429056823,SUCESSO!
1654827843827,PRZFV,11,123455,10,20,16.207262258621633,SUCESSO!
1654827843928,PRZFV,11,123455,10,20,10.244785207518296,SUCESSO!
1654827844028,PRZFV,11,123455,10,20,14.697113342111425,SUCESSO!
1654827844129,PRZFV,11,123455,10,20,11.725385865551846,SUCESSO!
1654827844230,PRZFV,11,123455,10,20,10.51088179417242,SUCESSO!
1654827844330,PRZFV,11,123455,10,20,10.686074114326328,SUCESSO!
1654827844431,PRZFV,11,123455,10,20,11.478933324099362,SUCESSO!
1654827844532,PRZFV,11,123455,10,20,17.65144205542735,SUCESSO!
1654827844632,PRZFV,11,123455,10,20,15.442266104958435,SUCESSO!
1654827844733,PRZFV,11,123455,10,20,10.92864172467592,SUCESSO!
1654827844833,PRZFV,11,123455,10,20,13.05993903737623,SUCESSO!
1654827844934,PRZFV,11,123455,10,20,13.009429603539825,SUCESSO!
1654827845035,PRZFV,11,123455,10,20,10.24884816808736,SUCESSO!
1654827845135,PRZFV,11,123455,10,20,18.649483569795926,SUCESSO!
1654827845236,PRZFV,11,123455,10,20,19.845328225048075,SUCESSO!
1654827845336,PRZFV,11,123455,10,20,15.549082131644358,SUCESSO!
1654827845437,PRZFV,11,123455,10,20,19.25998631199486,SUCESSO!
1654827845537,PRZFV,11,123455,10,20,16.666529230108836,SUCESSO!
1654827845638,PRZFV,11,123455,10,20,16.797259579942683,SUCESSO!
1654827845738,PRZFV,11,123455,10,20,11.659003260804337,SUCESSO!
1654827845839,PRZFV,11,123455,10,20,19.31571526262222,SUCESSO!
1654827845939,PRZFV,11,123455,10,20,11.86904031132385,SUCESSO!
1654827846040,PRZFV,11,123455,10,20,15.504938628853406,SUCESSO!
1654827846140,PRZFV,11,123455,10,20,13.6549957164227,SUCESSO!
1654827846241,PRZFV,11,123455,10,20,18.020645693193146,SUCESSO!
1654827846341,PRZFV,11,123455,10,20,11.364153928572264,SUCESSO!
1654827846441,PRZFV,11,123455,10,20,14.476658983465523,SUCESSO!
1654827846542,PRZFV,11,123455,10,20,13.27341862865513,SUCESSO!
1654827846642,PRZFV,11,123455,10,20,11.595602013859367,SUCESSO!
1654827846743,PRZFV,11,123455,10,20,12.797683517070922,SUCESSO!
1654827846843,PRZFV,11,123455,10,20,15.229268566243928,SUCESSO!
1654827846944,PRZFV,11,123455,10,20,16.60517550681362,SUCESSO!
1654827847045,PRZFV,11,123455,10,20,12.513945613640665,SUCESSO!
1654827847145,PRZFV,11,123455,10,20,14.664614511542116,SUCESSO!
1654827847246,PRZFV,11,123455,10,20,18.719577086417047,SUCESSO!
1654827847347,PRZFV,11,123455,10,20,14.30545221852079,SUCESSO!
1654827847448,PRZFV,11,123455,10,20,19.308265128191508,SUCESSO!
1654827847548,PRZFV,11,123455,10,20,19.24143846028477,SUCESSO!
1654827847649,PRZFV,11,123455,10,20,11.365642060545456,SUCESSO!
1654827847749,PRZFV,11,123455,10,20,18.82320649196013,SUCESSO!
1654827847850,PRZFV,11,123455,10,20,12.61621320005269,SUCESSO!
1654827847950,PRZFV,11,123455,10,20,15.548530445822605,SUCESSO!
1654827848051,PRZFV,11,123455,10,20,13.043655146796574,SUCESSO!
1654827848151,PRZFV,11,123455,10,20,13.412673944708882,SUCESSO!
1654827848252,PRZFV,11,123455,10,20,19.901755180306047,SUCESSO!
1654827848353,PRZFV,11,123455,10,20,13.086238084448247,SUCESSO!
1654827848453,PRZFV,11,123455,10,20,12.618327960494426,SUCESSO!
1654827848554,PRZFV,11,123455,10,20,10.916794746505978,SUCESSO!
1654827848654,PRZFV,11,123455,10,20,16.939951641518054,SUCESSO!
1654827848755,PRZFV,11,123455,10,20,19.383163227425285,SUCESSO!
1654827848855,PRZFV,11,123455,10,20,17.671213248227282,SUCESSO!
1654827848956,PRZFV,11,123455,10,20,12.949469309123835,SUCESSO!
1654827849056,PRZFV,11,123455,10,20,18.889620515376393,SUCESSO!
1654827849157,PRZFV,11,123455,10,20,13.04932368294408,SUCESSO!
1654827849257,PRZFV,11,123455,10,20,10.932317568925212,SUCESSO!
1654827849357,PRZFV,11,123455,10,20,16.549950025852763,SUCESSO!
1654827849458,PRZFV,11,123455,10,20,15.1988374684854,SUCESSO!
1654827849558,PRZFV,11,123455,10,20,16.14045311902467,SUCESSO!
1654827849658,PRZFV,11,123455,10,20,15.39565533305515,SUCESSO!
1654827849759,PRZFV,11,123455,10,20,17.23842393227346,SUCESSO!
1654827849859,PRZFV,11,123455,10,20,16.293209768831442,SUCESSO!
1654827849959,PRZFV,11,123455,10,20,16.512647374208164,SUCESSO!
1654827850060,PRZFV,11,123455,10,20,13.409057501855647,SUCESSO!
1654827850160,PRZFV,11,123455,10,20,18.366991487227114,SUCESSO!
1654827850260,PRZFV,11,123455,10,20,16.38621272638908,SUCESSO!
1654827850361,PRZFV,11,123455,10,20,19.97889131847289,SUCESSO!
1654827850461,PRZFV,11,123455,10,20,16.77260124652037,SUCESSO!
1654827850561,PRZFV,11,123455,10,20,16.23474560602573,SUCESSO!
1654827850662,PRZFV,11,123455,10,20,10.42461572090075,SUCESSO!
1654827850762,PRZFV,11,123455,10,20,17.970695571629406,SUCESSO!
1654827850863,PRZFV,11,123455,10,20,12.958429507128331,SUCESSO!
1654827850963,PRZFV,11,123455,10,20,15.219552959060625,SUCESSO!
1654827851064,PRZFV,11,123455,10,20,15.740118463864622,SUCESSO!
1654827851164,PRZFV,11,123455,10,20,13.659151841721208,SUCESSO!
1654827851265,PRZFV,11,123455,10,20,10.87754014953732,SUCESSO!
1654827851366,PRZFV,11,123455,10,20,17.872393403115492,SUCESSO!
1654827851466,PRZFV,11,123455,10,20,9.92081137604761,ERRO
1654827851567,PRZFV,11,123455,10,20,16.100158978584794,SUCESSO!
1654827851667,PRZFV,11,123455,10,20,10.866275916823955,SUCESSO!
1654827851768,PRZFV,11,123455,10,20,12.62275408974618,SUCESSO!
1654827851868,PRZFV,11,123455,10,20,11.742918296103735,SUCESSO!
1654827851969,PRZFV,11,123455,10,20,14.938402990889735,SUCESSO!
1654827852070,PRZFV,11,123455,10,20,13.946801998219104,SUCESSO!
1654827852170,PRZFV,11,123455,10,20,19.855585872482617,SUCESSO!
1654827852271,PRZFV,11,123455,10,20,17.21452075426466,SUCESSO!
1654827852371,PRZFV,11,123455,10,20,16.73386669630699,SUCESSO!
1654827852472,PRZFV,11,123455,10,20,11.33176791121384,SUCESSO!
1654827852573,PRZFV,11,123455,10,20,18.741714181978253,SUCESSO!
1654827852673,PRZFV,11,123455,10,20,11.878555777364404,SUCESSO!
1654827852774,PRZFV,11,123455,10,20,10.86322215364639,SUCESSO!
1654827852874,PRZFV,11,123455,10,20,18.79364674281052,SUCESSO!
1654827852975,PRZFV,11,123455,10,20,9.934362383159042,ERRO
1654827853076,PRZFV,11,123455,10,20,11.002375514567102,SUCESSO!
1654827853176,PRZFV,11,123455,10,20,10.696410512160016,SUCESSO!
1654827853277,PRZFV,11,123455,10,20,13.603913503425337,SUCESSO!
1654827853378,PRZFV,11,123455,10,20,17.78457772967518,SUCESSO!
1654827853478,PRZFV,11,123455,10,20,19.94549534081876,SUCESSO!
1654827853579,PRZFV,11,123455,10,20,13.15603265352173,SUCESSO!
1654827853679,PRZFV,11,123455,10,20,10.966264951267089,SUCESSO!
1654827853780,PRZFV,11,123455,10,20,14.177865731996224,SUCESSO!
1654827853881,PRZFV,11,123455,10,20,19.645902123146605,SUCESSO!
1654827853981,PRZFV,11,123455,10,20,11.033877953653041,SUCESSO!
1654827854082,PRZFV,11,123455,10,20,19.621501731918496,SUCESSO!
1654827854183,PRZFV,11,123455,10,20,18.853223168563268,SUCESSO!
1654827854283,PRZFV,11,123455,10,20,10.598391690869063,SUCESSO!
1654827854383,PRZFV,11,123455,10,20,16.664989697182804,SUCESSO!
1654827854484,PRZFV,11,123455,10,20,14.189489433403075,SUCESSO!
1654827854584,PRZFV,11,123455,10,20,19.634021536029106,SUCESSO!
1654827854684,PRZFV,11,123455,10,20,19.515885391393393,SUCESSO!
1654827854785,PRZFV,11,123455,10,20,10.145118103761423,SUCESSO!
1654827854886,PRZFV,11,123455,10,20,15.835779125796861,SUCESSO!
1654827854986,PRZFV,11,123455,10,20,13.077830533886075,SUCESSO!
1654827855087,PRZFV,11,123455,10,20,12.666536101517702,SUCESSO!
1654827855188,PRZFV,11,123455,10,20,16.222231759322334,SUCESSO!
1654827855288,PRZFV,11,123455,10,20,16.907012568478955,SUCESSO!
1654827855389,PRZFV,11,123455,10,20,12.33928428981065,SUCESSO!
1654827855489,PRZFV,11,123455,10,20,12.865658084413235,SUCESSO!
1654827855590,PRZFV,11,123455,10,20,18.59696114185534,SUCESSO!
1654827855690,PRZFV,11,123455,10,20,14.07015730902118,SUCESSO!
1654827855791,PRZFV,11,123455,10,20,14.336474241191123,SUCESSO!
1654827855891,PRZFV,11,123455,10,20,13.372125043108543,SUCESSO!
1654827855992,PRZFV,11,123455,10,20,13.23042237917984,SUCESSO!
1654827856092,PRZFV,11,123455,10,20,15.415906379698775,SUCESSO!
1654827856193,PRZFV,11,123455,10,20,13.717122462132833,SUCESSO!
1654827856293,PRZFV,11,123455,10,20,14.093860660204307,SUCESSO!
1654827856394,PRZFV,11,123455,10,20,10.080812919870874,SUCESSO!
1654827856495,PRZFV,11,123455,10,20,12.24624711788006,SUCESSO!
1654827856595,PRZFV,11,123455,10,20,11.235917834771989,SUCESSO!
1654827856696,PRZFV,11,123455,10,20,16.14639859339271,SUCESSO!
1654827856796,PRZFV,11,123455,10,20,17.972504618406553,SUCESSO!
1654827856897,PRZFV,11,123455,10,20,9.960245814061478,ERRO
1654827856997,PRZFV,11,123455,10,20,11.278914737956606,SUCESSO!
1654827857098,PRZFV,11,123455,10,20,15.73222168427149,SUCESSO!
1654827857198,PRZFV,11,123455,10,20,11.543048070476289,SUCESSO!
1654827857299,PRZFV,11,123455,10,20,16.480516179261862,SUCESSO!
1654827857399,PRZFV,11,123455,10,20,10.804779298688477,SUCESSO!
1654827857500,PRZFV,11,123455,10,20,10.516696894652357,SUCESSO!
1654827857600,PRZFV,11,123455,10,20,15.014587552199142,SUCESSO!
1654827857701,PRZFV,11,123455,10,20,19.32562544108935,SUCESSO!
1654827857802,PRZFV,11,123455,10,20,11.715927861442207,SUCESSO!
1654827857902,PRZFV,11,123455,10,20,18.368899679980817,SUCESSO!
1654827858002,PRZFV,11,123455,10,20,13.596622573163371,SUCESSO!
1654827858103,PRZFV,11,123455,10,20,11.130867703052278,SUCESSO!
1654827858203,PRZFV,11,123455,10,20,17.025241395972444,SUCESSO!
1654827858304,PRZFV,11,123455,10,20,16.812478045563683,SUCESSO!
1654827858404,PRZFV,11,123455,10,20,16.1468897293484,SUCESSO!
1654827858504,PRZFV,11,123455,10,20,17.251372868293974,SUCESSO!
1654827858605,PRZFV,11,123455,10,20,14.446051178800541,SUCESSO!
1654827858705,PRZFV,11,123455,10,20,15.592940412775821,SUCESSO!
1654827858806,PRZFV,11,123455,10,20,17.496326435600356,SUCESSO!
1654827858906,PRZFV,11,123455,10,20,13.147436131605135,SUCESSO!
1654827859006,PRZFV,11,123455,10,20,16.50447601464685,SUCESSO!
1654827859107,PRZFV,11,123455,10,20,10.513348989394801,SUCESSO!
1654827859207,PRZFV,11,123455,10,20,18.88265858942304,SUCESSO!
1654827859308,PRZFV,11,123455,10,20,15.85225238676495,SUCESSO!
1654827859408,PRZFV,11,123455,10,20,15.253955497440757,SUCESSO!
1654827859508,PRZFV,11,123455,10,20,13.020391826637113,SUCESSO!
1654827859609,PRZFV,11,123455,10,20,12.235101483448279,SUCESSO!
1654827859709,PRZFV,11,123455,10,20,20.056898090279788,ERRO
1654827859810,PRZFV,11,123455,10,20,15.261957369870538,SUCESSO!
1654827859910,PRZFV,11,123455,10,20,17.737151022177194,SUCESSO!
1654827860011,PRZFV,11,123455,10,20,10.40998931465611,SUCESSO!
1654827860111,PRZFV,11,123455,10,20,19.11645684961414,SUCESSO!
1654827860212,PRZFV,11,123455,10,20,18.338352511249447,SUCESSO!
1654827860313,PRZFV,11,123455,10,20,18.837623954441632,SUCESSO!
1654827860413,PRZFV,11,123455,10,20,17.793842690488802,SUCESSO!
1654827860514,PRZFV,11,123455,10,20,13.684593744805744,SUCESSO!
1654827860615,PRZFV,11,123455,10,20,18.683833884987045,SUCESSO!
1654827860715,PRZFV,11,123455,10,20,16.74115248007914,SUCESSO!
1654827860816,PRZFV,11,123455,10,20,15.266466018544161,SUCESSO!
1654827860916,PRZFV,11,123455,10,20,15.021682754739363,SUCESSO!
1654827861017,PRZFV,11,123455,10,20,17.0550220247717,SUCESSO!
1654827861117,PRZFV,11,123455,10,20,17.97240331099603,SUCESSO!
1654827861218,PRZFV,11,123455,10,20,13.852107198114615,SUCESSO!
1654827861318,PRZFV,11,123455,10,20,19.493756472281007,SUCESSO!
1654827861419,PRZFV,11,123455,10,20,14.070530761373746,SUCESSO!
1654827861519,PRZFV,11,123455,10,20,14.184390152878805,SUCESSO!
1654827861620,PRZFV,11,123455,10,20,12.481543607081006,SUCESSO!
1654827861720,PRZFV,11,123455,10,20,12.586089220574543,SUCESSO!
1654827861821,PRZFV,11,123455,10,20,19.51928360983429,SUCESSO!
1654827861921,PRZFV,11,123455,10,20,16.6782654835746,SUCESSO!
1654827862022,PRZFV,11,123455,10,20,18.74215183500079,SUCESSO!
1654827862123,PRZFV,11,123455,10,20,17.996148484017134,SUCESSO!
1654827862223,PRZFV,11,123455,10,20,17.77875651321369,SUCESSO!
1654827862323,PRZFV,11,123455,10,20,18.57421037120486,SUCESSO!
1654827862424,PRZFV,11,123455,10,20,14.006596821462303,SUCESSO!
1654827862525,PRZFV,11,123455,10,20,19.445933447319916,SUCESSO!
1654827862625,PRZFV,11,123455,10,20,12.406581078496007,SUCESSO!
1654827862726,PRZFV,11,123455,10,20,9.992734431103383,ERRO
1654827862826,PRZFV,11,123455,10,20,19.503722595339454,SUCESSO!
1654827862927,PRZFV,11,123455,10,20,11.963396853693428,SUCESSO!
1654827863028,PRZFV,11,123455,10,20,14.634084632935693,SUCESSO!
1654827863128,PRZFV,11,123455,10,20,16.99505307948482,SUCESSO!
1654827863229,PRZFV,11,123455,10,20,11.727554107513921,SUCESSO!
1654827863330,PRZFV,11,123455,10,20,12.626682201204531,SUCESSO!
1654827863430,PRZFV,11,123455,10,20,16.36485249207538,SUCESSO!
1654827863531,PRZFV,11,123455,10,20,15.504935353201152,SUCESSO!
1654827863631,PRZFV,11,123455,10,20,12.672014507485699,SUCESSO!
1654827863732,PRZFV,11,123455,10,20,20.14332950755769,ERRO
1654827863833,PRZFV,11,123455,10,20,11.265280977510699,SUCESSO!
1654827863933,PRZFV,11,123455,10,20,12.292530072491907,SUCESSO!
1654827864034,PRZFV,11,123455,10,20,17.93004090215586,SUCESSO!
1654827864134,PRZFV,11,123455,10,20,19.549396441992517,SUCESSO!
1654827864235,PRZFV,11,123455,10,20,18.227359692232323,SUCESSO!
1654827864335,PRZFV,11,123455,10,20,10.443147721694334,SUCESSO!
1654827864436,PRZFV,11,123455,10,20,16.30622773036748,SUCESSO!
1654827864536,PRZFV,11,123455,10,20,17.960606627768744,SUCESSO!
1654827864637,PRZFV,11,123455,10,20,15.586550420320362,SUCESSO!
1654827864737,PRZFV,11,123455,10,20,15.660840016761883,SUCESSO!
1654827864838,PRZFV,11,123455,10,20,14.661952821570953,SUCESSO!
1654827864938,PRZFV,11,123455,10,20,16.889183643121655,SUCESSO!
1654827865039,PRZFV,11,123455,10,20,10.689645239172274,SUCESSO!
1654827865139,PRZFV,11,123455,10,20,13.367844798629713,SUCESSO!
1654827865240,PRZFV,11,123455,10,20,19.341139614104158,SUCESSO!
1654827865340,PRZFV,11,123455,10,20,13.055943725756034,SUCESSO!
1654827865441,PRZFV,11,123455,10,20,14.728874356418657,SUCESSO!
1654827865542,PRZFV,11,123455,10,20,15.756569516246026,SUCESSO!
1654827865642,PRZFV,11,123455,10,20,11.113382497239318,SUCESSO!
1654827865743,PRZFV,11,123455,10,20,16.677516382764303,SUCESSO!
1654827865843,PRZFV,11,123455,10,20,12.189292201027927,SUCESSO!
1654827865944,PRZFV,11,123455,10,20,18.730768612372405,SUCESSO!
1654827866044,PRZFV,11,123455,10,20,12.019114955360289,SUCESSO!
1654827866145,PRZFV,11,123455,10,20,13.49322575048142,SUCESSO!
1654827866245,PRZFV,11,123455,10,20,15.996610533895929,SUCESSO!
1654827866346,PRZFV,11,123455,10,20,20.136926603779806,ERRO
1654827866447,PRZFV,11,123455,10,20,19.30881847250131,SUCESSO!
1654827866547,PRZFV,11,123455,10,20,11.215214748097495,SUCESSO!
1654827866648,PRZFV,11,123455,10,20,14.402157211939503,SUCESSO!
1654827866748,PRZFV,11,123455,10,20,10.135583722914664,SUCESSO!
1654827866849,PRZFV,11,123455,10,20,17.134975795439928,SUCESSO!
1654827866949,PRZFV,11,123455,10,20,19.83880564906228,SUCESSO!
1654827867050,PRZFV,11,123455,10,20,12.000526415461353,SUCESSO!
1654827867150,PRZFV,11,123455,10,20,20.19545384572699,ERRO
1654827867251,PRZFV,11,123455,10,20,18.481541517370587,SUCESSO!
1654827867351,PRZFV,11,123455,10,20,17.437887370764177,SUCESSO!
1654827867451,PRZFV,11,123455,10,20,13.34374832909864,SUCESSO!
1654827867552,PRZFV,11,123455,10,20,12.910659438651873,SUCESSO!
1654827867652,PRZFV,11,123455,10,20,13.50115414276276,SUCESSO!
1654827867753,PRZFV,11,123455,10,20,10.092287588791773,SUCESSO!
1654827867853,PRZFV,11,123455,10,20,11.793440689333357,SUCESSO!
1654827867954,PRZFV,11,123455,10,20,11.443266136782,SUCESSO!
1654827868055,PRZFV,11,123455,10,20,11.975139153230348,SUCESSO!
1654827868155,PRZFV,11,123455,10,20,10.750629172999298,SUCESSO!
1654827868256,PRZFV,11,123455,10,20,14.839421099175095,SUCESSO!
1654827868356,PRZFV,11,123455,10,20,15.279528036505184,SUCESSO!
1654827868457,PRZFV,11,123455,10,20,16.415547970094583,SUCESSO!
1654827868557,PRZFV,11,123455,10,20,12.623089255648157,SUCESSO!
1654827868658,PRZFV,11,123455,10,20,14.609640219764014,SUCESSO!
1654827868758,PRZFV,11,123455,10,20,18.158863979116354,SUCESSO!
1654827868858,PRZFV,11,123455,10,20,15.292058450006774,SUCESSO!
1654827868959,PRZFV,11,123455,10,20,14.723773174855081,SUCESSO!
1654827869059,PRZFV,11,123455,10,20,10.702061678457046,SUCESSO!
1654827869159,PRZFV,11,123455,10,20,12.289562124663801,SUCESSO!
1654827869260,PRZFV,11,123455,10,20,15.989502717058748,SUCESSO!
1654827869360,PRZFV,11,123455,10,20,14.64208167328644,SUCESSO!
1654827869461,PRZFV,11,123455,10,20,11.384249128293437,SUCESSO!
1654827869561,PRZFV,11,123455,10,20,12.20456432995382,SUCESSO!
1654827869662,PRZFV,11,123455,10,20,12.184122415170572,SUCESSO!
1654827869762,PRZFV,11,123455,10,20,18.216492830438554,SUCESSO!
1654827869863,PRZFV,11,123455,10,20,17.230932949576495,SUCESSO!
1654827869963,PRZFV,11,123455,10,20,17.23442153924271,SUCESSO!
1654827870063,PRZFV,11,123455,10,20,12.368341641199313,SUCESSO!
1654827870164,PRZFV,11,123455,10,20,12.51260226220092,SUCESSO!
1654827870264,PRZFV,11,123455,10,20,19.40371829369287,SUCESSO!
1654827870364,PRZFV,11,123455,10,20,20.08259927457318,ERRO
1654827870465,PRZFV,11,123455,10,20,10.954928579081944,SUCESSO!
1654827870565,PRZFV,11,123455,10,20,12.070049711143358,SUCESSO!
1654827870666,PRZFV,11,123455,10,20,12.7203520954457,SUCESSO!
1654827870766,PRZFV,11,123455,10,20,11.480815600063107,SUCESSO!
1654827870867,PRZFV,11,123455,10,20,18.651863487814452,SUCESSO!
1654827870967,PRZFV,11,123455,10,20,18.38013873890115,SUCESSO!
1654827871067,PRZFV,11,123455,10,20,13.813610196649996,SUCESSO!
1654827871168,PRZFV,11,123455,10,20,14.4789272947576,SUCESSO!
1654827871268,PRZFV,11,123455,10,20,16.419052870541584,SUCESSO!
1654827871369,PRZFV,11,123455,10,20,17.78748783847067,SUCESSO!
1654827871469,PRZFV,11,123455,10,20,14.941873194305716,SUCESSO!
1654827871570,PRZFV,11,123455,10,20,12.185126896097401,SUCESSO!
1654827871670,PRZFV,11,123455,10,20,18.19723396821113,SUCESSO!
1654827871771,PRZFV,11,123455,10,20,15.274981032868466,SUCESSO!
1654827871871,PRZFV,11,123455,10,20,13.684847320414242,SUCESSO!
1654827871972,PRZFV,11,123455,10,20,13.117807773394402,SUCESSO!
1654827872072,PRZFV,11,123455,10,20,13.637982221744675,SUCESSO!
1654827872172,PRZFV,11,123455,10,20,14.091567412414772,SUCESSO!
1654827872272,PRZFV,11,123455,10,20,16.83864690333906,SUCESSO!
1654827872373,PRZFV,11,123455,10,20,17.660444190828663,SUCESSO!
1654827872473,PRZFV,11,123455,10,20,20.06168867244876,ERRO
1654827872574,PRZFV,11,123455,10,20,9.917136902611112,ERRO
1654827872674,PRZFV,11,123455,10,20,16.414598649750555,SUCESSO!
1654827872775,PRZFV,11,123455,10,20,17.22517882404438,SUCESSO!
1654827872875,PRZFV,11,123455,10,20,10.627694775746614,SUCESSO!
1654827872975,PRZFV,11,123455,10,20,20.02773639859182,ERRO
1654827873076,PRZFV,11,123455,10,20,16.24562657399369,SUCESSO!
1654827873176,PRZFV,11,123455,10,20,15.029550848289258,SUCESSO!
1654827873277,PRZFV,11,123455,10,20,19.017471987698336,SUCESSO!
1654827873377,PRZFV,11,123455,10,20,15.727809272735907,SUCESSO!
1654827873478,PRZFV,11,123455,10,20,12.412977467583245,SUCESSO!
1654827873578,PRZFV,11,123455,10,20,11.573892999974538,SUCESSO!
1654827873679,PRZFV,11,123455,10,20,14.707811519342338,SUCESSO!
1654827873779,PRZFV,11,123455,10,20,19.05393770825112,SUCESSO!
1654827873879,PRZFV,11,123455,10,20,17.52429770115199,SUCESSO!
1654827873980,PRZFV,11,123455,10,20,10.774417060697395,SUCESSO!
1654827874080,PRZFV,11,123455,10,20,19.346432180737125,SUCESSO!
1654827874181,PRZFV,11,123455,10,20,17.426730896613496,SUCESSO!
1654827874281,PRZFV,11,123455,10,20,15.90171678039351,SUCESSO!
1654827874382,PRZFV,11,123455,10,20,13.758851969106052,SUCESSO!
1654827874482,PRZFV,11,123455,10,20,15.437242742185822,SUCESSO!
1654827874582,PRZFV,11,123455,10,20,18.83404713448526,SUCESSO!
1654827874683,PRZFV,11,123455,10,20,19.47559674942991,SUCESSO!
1654827874783,PRZFV,11,123455,10,20,16.46773974600397,SUCESSO!
1654827874884,PRZFV,11,123455,10,20,16.396696678518595,SUCESSO!
1654827874984,PRZFV,11,123455,10,20,12.369655978115706,SUCESSO!
1654827875085,PRZFV,11,123455,10,20,19.32600132732567,SUCESSO!
1654827875185,PRZFV,11,123455,10,20,18.725089874689637,SUCESSO!
1654827875285,PRZFV,11,123455,10,20,18.756245087248686,SUCESSO!
1654827875386,PRZFV,11,123455,10,20,18.72674016248332,SUCESSO!
1654827875486,PRZFV,11,123455,10,20,16.76969510762519,SUCESSO!
1654827875587,PRZFV,11,123455,10,20,17.247080928720806,SUCESSO!
1654827875687,PRZFV,11,123455,10,20,17.858846861186763,SUCESSO!
1654827875788,PRZFV,11,123455,10,20,10.05530151758578,SUCESSO!
1654827875888,PRZFV,11,123455,10,20,18.355621659914977,SUCESSO!
1654827875988,PRZFV,11,123455,10,20,16.74685130284185,SUCESSO!
1654827876089,PRZFV,11,123455,10,20,14.729820190801497,SUCESSO!
1654827876189,PRZFV,11,123455,10,20,20.03658396825821,ERRO
1654827876290,PRZFV,11,123455,10,20,13.806319816691293,SUCESSO!
1654827876390,PRZFV,11,123455,10,20,14.967147781673805,SUCESSO!
1654827876491,PRZFV,11,123455,10,20,14.194015557323969,SUCESSO!
1654827876591,PRZFV,11,123455,10,20,18.006038399224934,SUCESSO!
1654827876692,PRZFV,11,123455,10,20,20.12662763583147,ERRO
1654827876792,PRZFV,11,123455,10,20,18.430712272157837,SUCESSO!
1654827876893,PRZFV,11,123455,10,20,11.06236783760051,SUCESSO!
1654827876993,PRZFV,11,123455,10,20,10.669151726059624,SUCESSO!
1654827877094,PRZFV,11,123455,10,20,11.294279838826998,SUCESSO!
1654827877194,PRZFV,11,123455,10,20,13.940763530491578,SUCESSO!
1654827877295,PRZFV,11,123455,10,20,16.221330009145348,SUCESSO!
1654827877395,PRZFV,11,123455,10,20,13.901628438400103,SUCESSO!
1654827877496,PRZFV,11,123455,10,20,11.749647504221542,SUCESSO!
1654827877596,PRZFV,11,123455,10,20,12.5907870201539,SUCESSO!
1654827877697,PRZFV,11,123455,10,20,19.928522097011005,SUCESSO!
1654827877797,PRZFV,11,123455,10,20,12.906956076090536,SUCESSO!
1654827877898,PRZFV,11,123455,10,20,10.813874040775882,SUCESSO!
1654827877998,PRZFV,11,123455,10,20,15.454076005299093,SUCESSO!
1654827878098,PRZFV,11,123455,10,20,12.647120044084815,SUCESSO!
1654827878199,PRZFV,11,123455,10,20,19.720303492266304,SUCESSO!
1654827878299,PRZFV,11,123455,10,20,12.886051998048139,SUCESSO!
1654827878400,PRZFV,11,123455,10,20,12.01907429688298,SUCESSO!
1654827878500,PRZFV,11,123455,10,20,11.840089274805473,SUCESSO!
1654827878600,PRZFV,11,123455,10,20,17.797997875105942,SUCESSO!
1654827878701,PRZFV,11,123455,10,20,13.1008497356667,SUCESSO!
1654827878801,PRZFV,11,123455,10,20,17.716549281118894,SUCESSO!
1654827878902,PRZFV,11,123455,10,20,11.893315371600673,SUCESSO!
1654827879002,PRZFV,11,123455,10,20,15.11648431028719,SUCESSO!
1654827879102,PRZFV,11,123455,10,20,19.46812554373934,SUCESSO!
1654827879203,PRZFV,11,123455,10,20,15.148981719722578,SUCESSO!
1654827879303,PRZFV,11,123455,10,20,17.644008088564934,SUCESSO!
1654827879404,PRZFV,11,123455,10,20,13.323729460482202,SUCESSO!
1654827879504,PRZFV,11,123455,10,20,19.265585270554663,SUCESSO!
1654827879605,PRZFV,11,123455,10,20,10.181285728636334,SUCESSO!
1654827879705,PRZFV,11,123455,10,20,15.85745227883239,SUCESSO!
1654827879805,PRZFV,11,123455,10,20,16.9394348443422,SUCESSO!
1654827879906,PRZFV,11,123455,10,20,19.01442622903463,SUCESSO!
1654827880006,PRZFV,11,123455,10,20,12.885082590346977,SUCESSO!
1654827880106,PRZFV,11,123455,10,20,16.421258805742507,SUCESSO!
1654827880207,PRZFV,11,123455,10,20,17.388225710919365,SUCESSO!
1654827880307,PRZFV,11,123455,10,20,15.836166348145301,SUCESSO!
1654827880408,PRZFV,11,123455,10,20,15.54622721669343,SUCESSO!
1654827880508,PRZFV,11,123455,10,20,12.71171218585811,SUCESSO!
1654827880609,PRZFV,11,123455,10,20,15.772150692636721,SUCESSO!
1654827880709,PRZFV,11,123455,10,20,13.366499939200807,SUCESSO!
1654827880810,PRZFV,11,123455,10,20,17.94714748819134,SUCESSO!
1654827880911,PRZFV,11,123455,10,20,11.831638452455419,SUCESSO!
1654827881011,PRZFV,11,123455,10,20,18.945362364587865,SUCESSO!
1654827881111,PRZFV,11,123455,10,20,19.789031334903505,SUCESSO!
1654827881212,PRZFV,11,123455,10,20,19.021779948751604,SUCESSO!
1654827881312,PRZFV,11,123455,10,20,16.623415787528558,SUCESSO!
1654827881412,PRZFV,11,123455,10,20,19.144777473844634,SUCESSO!
1654827881513,PRZFV,11,123455,10,20,18.14812239818582,SUCESSO!
1654827881613,PRZFV,11,123455,10,20,14.251499132364085,SUCESSO!
1654827881714,PRZFV,11,123455,10,20,11.924326146130284,SUCESSO!
1654827881814,PRZFV,11,123455,10,20,11.255798791671852,SUCESSO!
1654827881914,PRZFV,11,123455,10,20,15.105854860324504,SUCESSO!
1654827882015,PRZFV,11,123455,10,20,18.4254105235732,SUCESSO!
1654827882115,PRZFV,11,123455,10,20,20.054390407945085,ERRO
1654827882215,PRZFV,11,123455,10,20,10.751855426729199,SUCESSO!
1654827882316,PRZFV,11,123455,10,20,10.82324242920346,SUCESSO!
1654827882416,PRZFV,11,123455,10,20,14.827737047069006,SUCESSO!
1654827882516,PRZFV,11,123455,10,20,11.109160494749577,SUCESSO!
1654827882617,PRZFV,11,123455,10,20,15.440559386992966,SUCESSO!
1654827882717,PRZFV,11,123455,10,20,16.670341659707276,SUCESSO!
1654827882817,PRZFV,11,123455,10,20,19.238760541778234,SUCESSO!
1654827882918,PRZFV,11,123455,10,20,15.271636366564028,SUCESSO!
1654827883018,PRZFV,11,123455,10,20,18.677688564124097,SUCESSO!
1654827883118,PRZFV,11,123455,10,20,18.103795336635518,SUCESSO!
1654827883219,PRZFV,11,123455,10,20,17.643878757450985,SUCESSO!
1654827883319,PRZFV,11,123455,10,20,13.758550122925872,SUCESSO!
1654827883419,PRZFV,11,123455,10,20,15.673013619083136,SUCESSO!
1654827883520,PRZFV,11,123455,10,20,15.793604185961012,SUCESSO!
1654827883620,PRZFV,11,123455,10,20,17.637827271785397,SUCESSO!
1654827883721,PRZFV,11,123455,10,20,17.676713281857303,SUCESSO!
1654827883821,PRZFV,11,123455,10,20,14.409133525405823,SUCESSO!
1654827883921,PRZFV,11,123455,10,20,10.733561642268695,SUCESSO!
1654827884022,PRZFV,11,123455,10,20,11.787965048559535,SUCESSO!
1654827884122,PRZFV,11,123455,10,20,17.884939958220613,SUCESSO!
1654827884222,PRZFV,11,123455,10,20,18.326049745540875,SUCESSO!
1654827884323,PRZFV,11,123455,10,20,17.43179417774258,SUCESSO!
1654827884423,PRZFV,11,123455,10,20,17.08175470389546,SUCESSO!
1654827884523,PRZFV,11,123455,10,20,15.83626635593781,SUCESSO!
1654827884624,PRZFV,11,123455,10,20,15.890107147008063,SUCESSO!
1654827884724,PRZFV,11,123455,10,20,17.849240614939852,SUCESSO!
1654827884824,PRZFV,11,123455,10,20,13.929175477157166,SUCESSO!
1654827884925,PRZFV,11,123455,10,20,13.813754107711087,SUCESSO!
1654827885025,PRZFV,11,123455,10,20,17.366238931177595,SUCESSO!
1654827885126,PRZFV,11,123455,10,20,10.934661479232725,SUCESSO!
1654827885226,PRZFV,11,123455,10,20,13.320784884996517,SUCESSO!
1654827885327,PRZFV,11,123455,10,20,12.571117326387682,SUCESSO!
1654827885427,PRZFV,11,123455,10,20,18.5471075114044,SUCESSO!
1654827885527,PRZFV,11,123455,10,20,10.4949106802267,SUCESSO!
1654827885628,PRZFV,11,123455,10,20,14.556501592325759,SUCESSO!
1654827885728,PRZFV,11,123455,10,20,14.146739416300928,SUCESSO!
1654827885828,PRZFV,11,123455,10,20,11.361787925168592,SUCESSO!
1654827885929,PRZFV,11,123455,10,20,17.438709608180076,SUCESSO!
1654827886029,PRZFV,11,123455,10,20,19.15891439983608,SUCESSO!
1654827886129,PRZFV,11,123455,10,20,15.036339284547132,SUCESSO!
1654827886230,PRZFV,11,123455,10,20,19.390046956923065,SUCESSO!
1654827886330,PRZFV,11,123455,10,20,12.841050983939175,SUCESSO!
1654827886430,PRZFV,11,123455,10,20,14.768023363929206,SUCESSO!
1654827886531,PRZFV,11,123455,10,20,10.285628004325508,SUCESSO!
1654827886631,PRZFV,11,123455,10,20,14.046075729118526,SUCESSO!
1654827886731,PRZFV,11,123455,10,20,19.693624513900893,SUCESSO!
1654827886832,PRZFV,11,123455,10,20,17.481803972814923,SUCESSO!
1654827886932,PRZFV,11,123455,10,20,19.699738895387213,SUCESSO!
1654827887032,PRZFV,11,123455,10,20,10.467691885561086,SUCESSO!
1654827887133,PRZFV,11,123455,10,20,16.434291514848894,SUCESSO!
1654827887233,PRZFV,11,123455,10,20,17.658838193409984,SUCESSO!
1654827887333,PRZFV,11,123455,10,20,10.86104433402616,SUCESSO!
1654827887434,PRZFV,11,123455,10,20,13.253573563370775,SUCESSO!
1654827887534,PRZFV,11,123455,10,20,15.285642108073674,SUCESSO!
1654827887634,PRZFV,11,123455,10,20,11.735487360844449,SUCESSO!
1654827887735,PRZFV,11,123455,10,20,20.101168057640574,ERRO
1654827887835,PRZFV,11,123455,10,20,16.23201007664998,SUCESSO!
1654827887935,PRZFV,11,123455,10,20,16.979068592864262,SUCESSO!
1654827888036,PRZFV,11,123455,10,20,16.030687008345136,SUCESSO!
1654827888136,PRZFV,11,123455,10,20,10.986576867487148,SUCESSO!
1654827888236,PRZFV,11,123455,10,20,10.719939956644419,SUCESSO!
1654827888337,PRZFV,11,123455,10,20,14.496532161131189,SUCESSO!
1654827888437,PRZFV,11,123455,10,20,16.01642620662565,SUCESSO!
1654827888538,PRZFV,11,123455,10,20,16.35008600686109,SUCESSO!
1654827888638,PRZFV,11,123455,10,20,15.040717657606015,SUCESSO!
1654827888738,PRZFV,11,123455,10,20,11.62735489313116,SUCESSO!
1654827888838,PRZFV,11,123455,10,20,10.421325203678775,SUCESSO!
1654827888939,PRZFV,11,123455,10,20,11.63293533789148,SUCESSO!
1654827889039,PRZFV,11,123455,10,20,10.013095714937805,SUCESSO!
1654827889140,PRZFV,11,123455,10,20,12.611866986505401,SUCESSO!
1654827889240,PRZFV,11,123455,10,20,14.908459708825887,SUCESSO!
1654827889340,PRZFV,11,123455,10,20,18.193792902453794,SUCESSO!
1654827889441,PRZFV,11,123455,10,20,9.902324981538579,ERRO
1654827889541,PRZFV,11,123455,10,20,13.627634442765396,SUCESSO!
1654827889642,PRZFV,11,123455,10,20,11.626685770472871,SUCESSO!
1654827889742,PRZFV,11,123455,10,20,15.29211761047945,SUCESSO!
1654827889842,PRZFV,11,123455,10,20,18.137066374028564,SUCESSO!
1654827889943,PRZFV,11,123455,10,20,10.267248438255843,SUCESSO!
1654827890043,PRZFV,11,123455,10,20,18.477192785613305,SUCESSO!
1654827890143,PRZFV,11,123455,10,20,15.463759968617914,SUCESSO!
1654827890244,PRZFV,11,123455,10,20,11.44298008593299,SUCESSO!
1654827890344,PRZFV,11,123455,10,20,20.159299204572026,ERRO
1654827890445,PRZFV,11,123455,10,20,15.363880763532823,SUCESSO!
1654827890545,PRZFV,11,123455,10,20,19.376507078325083,SUCESSO!
1654827890645,PRZFV,11,123455,10,20,15.625397889141777,SUCESSO!
1654827890746,PRZFV,11,123455,10,20,13.796164790717114,SUCESSO!
1654827890846,PRZFV,11,123455,10,20,10.807372125211884,SUCESSO!
1654827890946,PRZFV,11,123455,10,20,15.882473930382215,SUCESSO!
1654827891047,PRZFV,11,123455,10,20,17.949402919643873,SUCESSO!
1654827891147,PRZFV,11,123455,10,20,15.953634384595476,SUCESSO!
1654827891247,PRZFV,11,123455,10,20,11.39808852549054,SUCESSO!
1654827891348,PRZFV,11,123455,10,20,10.772820962488261,SUCESSO!
1654827891448,PRZFV,11,123455,10,20,17.315935084640618,SUCESSO!
1654827891548,PRZFV,11,123455,10,20,11.918147572351957,SUCESSO!
1654827891649,PRZFV,11,123455,10,20,15.343795564979592,SUCESSO!
1654827891749,PRZFV,11,123455,10,20,15.888221505344406,SUCESSO!
1654827891849,PRZFV,11,123455,10,20,18.117208475228537,SUCESSO!
1654827891949,PRZFV,11,123455,10,20,15.477565471029532,SUCESSO!
1654827892050,PRZFV,11,123455,10,20,19.931372895442564,SUCESSO!
1654827892150,PRZFV,11,123455,10,20,19.045834989375507,SUCESSO!
1654827892250,PRZFV,11,123455,10,20,18.97376531744908,SUCESSO!
1654827892350,PRZFV,11,123455,10,20,10.080903682753597,SUCESSO!
1654827892451,PRZFV,11,123455,10,20,18.771304269413562,SUCESSO!
1654827892551,PRZFV,11,123455,10,20,19.91023222948059,SUCESSO!
1654827892651,PRZFV,11,123455,10,20,13.808918690321777,SUCESSO!
1654827892752,PRZFV,11,123455,10,20,15.131342659579978,SUCESSO!
1654827892852,PRZFV,11,123455,10,20,16.726481589503003,SUCESSO!
1654827892952,PRZFV,11,123455,10,20,10.261801515005125,SUCESSO!
1654827893052,PRZFV,11,123455,10,20,18.904119716477375,SUCESSO!
1654827893153,PRZFV,11,123455,10,20,10.645092174315005,SUCESSO!
1654827893253,PRZFV,11,123455,10,20,12.744399081312844,SUCESSO!
1654827893353,PRZFV,11,123455,10,20,20.101604993931616,ERRO
1654827893453,PRZFV,11,123455,10,20,11.20095534602605,SUCESSO!
1654827893554,PRZFV,11,123455,10,20,17.886327461524004,SUCESSO!
1654827893654,PRZFV,11,123455,10,20,12.713671439447358,SUCESSO!
1654827893755,PRZFV,11,123455,10,20,13.676488180570221,SUCESSO!
1654827893855,PRZFV,11,123455,10,20,17.872033147162888,SUCESSO!
1654827893955,PRZFV,11,123455,10,20,15.075417113718759,SUCESSO!
1654827894055,PRZFV,11,123455,10,20,13.652035351184335,SUCESSO!
1654827894156,PRZFV,11,123455,10,20,15.912436647873296,SUCESSO!
1654827894256,PRZFV,11,123455,10,20,13.673913135349666,SUCESSO!
1654827894356,PRZFV,11,123455,10,20,17.264061370313108,SUCESSO!
1654827894456,PRZFV,11,123455,10,20,10.503606218728518,SUCESSO!
1654827894557,PRZFV,11,123455,10,20,10.9077540922543,SUCESSO!
1654827894657,PRZFV,11,123455,10,20,16.520556107548106,SUCESSO!
1654827894757,PRZFV,11,123455,10,20,13.576711046410843,SUCESSO!
1654827894857,PRZFV,11,123455,10,20,15.87813585408,SUCESSO!
1654827894958,PRZFV,11,123455,10,20,11.26057873504621,SUCESSO!
1654827895058,PRZFV,11,123455,10,20,11.17541103872237,SUCESSO!
1654827895158,PRZFV,11,123455,10,20,15.532781152740675,SUCESSO!
1654827895258,PRZFV,11,123455,10,20,16.0043740513721,SUCESSO!
1654827895358,PRZFV,11,123455,10,20,15.887589151614382,SUCESSO!
1654827895459,PRZFV,11,123455,10,20,11.454318093447878,SUCESSO!
1654827895559,PRZFV,11,123455,10,20,12.588678714169506,SUCESSO!
1654827895659,PRZFV,11,123455,10,20,11.693373873462502,SUCESSO!
1654827895759,PRZFV,11,123455,10,20,12.032438493563617,SUCESSO!
1654827895859,PRZFV,11,123455,10,20,14.859816037975278,SUCESSO!
1654827895960,PRZFV,11,123455,10,20,19.6725581080686,SUCESSO!
1654827896060,PRZFV,11,123455,10,20,18.115671744592966,SUCESSO!
1654827896160,PRZFV,11,123455,10,20,14.263536982830404,SUCESSO!
1654827896261,PRZFV,11,123455,10,20,14.3302363297961,SUCESSO!
1654827896362,PRZFV,11,123455,10,20,19.227972556034302,SUCESSO!
1654827896462,PRZFV,11,123455,10,20,17.788771663378856,SUCESSO!
1654827896562,PRZFV,11,123455,10,20,18.321253025989378,SUCESSO!
1654827896662,PRZFV,11,123455,10,20,13.2841376895195,SUCESSO!
1654827896763,PRZFV,11,123455,10,20,12.73523008188804,SUCESSO!
1654827896863,PRZFV,11,123455,10,20,16.84820265693529,SUCESSO!
1654827896963,PRZFV,11,123455,10,20,10.294421327562391,SUCESSO!
1654827897063,PRZFV,11,123455,10,20,17.87217117076686,SUCESSO!
1654827897164,PRZFV,11,123455,10,20,17.641274937834083,SUCESSO!
1654827897264,PRZFV,11,123455,10,20,20.136659538592113,ERRO
1654827897364,PRZFV,11,123455,10,20,18.685251771671822,SUCESSO!
1654827897465,PRZFV,11,123455,10,20,17.41439165538231,SUCESSO!
1654827897565,PRZFV,11,123455,10,20,14.100299357354789,SUCESSO!
1654827897665,PRZFV,11,123455,10,20,17.99133613344675,SUCESSO!
1654827897765,PRZFV,11,123455,10,20,19.86030256973349,SUCESSO!
1654827897866,PRZFV,11,123455,10,20,10.401319840271654,SUCESSO!
1654827897966,PRZFV,11,123455,10,20,16.00805472678903,SUCESSO!
1654827898066,PRZFV,11,123455,10,20,19.239545331668424,SUCESSO!
1654827898166,PRZFV,11,123455,10,20,16.883134269800813,SUCESSO!
1654827898266,PRZFV,11,123455,10,20,14.07172572467151,SUCESSO!
1654827898367,PRZFV,11,123455,10,20,15.102967282580767,SUCESSO!
1654827898467,PRZFV,11,123455,10,20,18.027072126791026,SUCESSO!
1654827898567,PRZFV,11,123455,10,20,15.581581421564124,SUCESSO!
1654827898667,PRZFV,11,123455,10,20,19.44915127350631,SUCESSO!
1654827898768,PRZFV,11,123455,10,20,18.906673693612397,SUCESSO!
1654827898868,PRZFV,11,123455,10,20,10.202438315554783,SUCESSO!
1654827898968,PRZFV,11,123455,10,20,10.819281952000098,SUCESSO!
1654827899068,PRZFV,11,123455,10,20,10.522607728723505,SUCESSO!
1654827899169,PRZFV,11,123455,10,20,11.685480368382759,SUCESSO!
1654827899269,PRZFV,11,123455,10,20,15.86336218218932,SUCESSO!
1654827899369,PRZFV,11,123455,10,20,18.017174207686928,SUCESSO!
1654827899469,PRZFV,11,123455,10,20,13.094671198696972,SUCESSO!
1654827899570,PRZFV,11,123455,10,20,19.232512891039388,SUCESSO!
1654827899670,PRZFV,11,123455,10,20,12.73917740738586,SUCESSO!
1654827899770,PRZFV,11,123455,10,20,10.806126885650258,SUCESSO!
1654827899870,PRZFV,11,123455,10,20,15.592372796295724,SUCESSO!
1654827899970,PRZFV,11,123455,10,20,18.39795449441596,SUCESSO!
1654827900071,PRZFV,11,123455,10,20,18.434830635318097,SUCESSO!
1654827900171,PRZFV,11,123455,10,20,14.486681459867519,SUCESSO!
1654827900271,PRZFV,11,123455,10,20,15.542823059134932,SUCESSO!
1654827900371,PRZFV,11,123455,10,20,13.731790270454928,SUCESSO!
1654827900472,PRZFV,11,123455,10,20,11.29830752183222,SUCESSO!
1654827900572,PRZFV,11,123455,10,20,11.726100120544237,SUCESSO!
1654827900672,PRZFV,11,123455,10,20,11.256423443003433,SUCESSO!
1654827900772,PRZFV,11,123455,10,20,12.44985449034579,SUCESSO!
1654827900872,PRZFV,11,123455,10,20,20.093943287263734,ERRO
1654827900973,PRZFV,11,123455,10,20,17.936470345370758,SUCESSO!
1654827901073,PRZFV,11,123455,10,20,13.235815372728373,SUCESSO!
1654827901173,PRZFV,11,123455,10,20,17.889744059783617,SUCESSO!
1654827901273,PRZFV,11,123455,10,20,18.269052892095594,SUCESSO!
1654827901374,PRZFV,11,123455,10,20,11.350580334582435,SUCESSO!
1654827901474,PRZFV,11,123455,10,20,12.438383855151539,SUCESSO!
1654827901574,PRZFV,11,123455,10,20,16.588297955574,SUCESSO!
1654827901674,PRZFV,11,123455,10,20,10.390672547306917,SUCESSO!
1654827901775,PRZFV,11,123455,10,20,14.34459517394992,SUCESSO!
1654827901875,PRZFV,11,123455,10,20,13.164174299213535,SUCESSO!
1654827901975,PRZFV,11,123455,10,20,17.286850017933435,SUCESSO!
1654827902076,PRZFV,11,123455,10,20,12.302934373243708,SUCESSO!
1654827902176,PRZFV,11,123455,10,20,15.148265047404422,SUCESSO!
1654827902276,PRZFV,11,123455,10,20,16.619501171492676,SUCESSO!
